{
  "open":{
    "default":"debug/native/data/files/test.txt"
  },

  "getAbsolutePath":{
    "default":"debug/native/data/files/test.txt"
  },

  "getContentAsString":{
    "default":"123456890"
  },

  "getContentAsBase64":{
    "default":" MTIzNDU2ODkw"
  },

  "exists":{
    "default":true
  },

  "isDirectory":{
    "default":false
  },

  "isFile":{
    "default":true
  },

  "length":{
    "default":10
  },

  "delete":{
    "default":true
  },

  "list":{
    "default":""
  },

  "copy":{
    "default":""
  },

  "move":{
    "default":""
  },

  "choose":{
    "default":""
  }
}